Algorithm,Sustantivos (Nouns)
Analytics,Sustantivos (Nouns)
Avatar,Sustantivos (Nouns)
Caption,Sustantivos (Nouns)
Comment,Sustantivos (Nouns)
Community,Sustantivos (Nouns)
Content,Sustantivos (Nouns)
Dashboard,Sustantivos (Nouns)
Engagement,Sustantivos (Nouns)
Feed,Sustantivos (Nouns)
Follower,Sustantivos (Nouns)
Hashtag,Sustantivos (Nouns)
Influencer,Sustantivos (Nouns)
Meme,Sustantivos (Nouns)
Metric,Sustantivos (Nouns)
Notification,Sustantivos (Nouns)
Platform,Sustantivos (Nouns)
Post,Sustantivos (Nouns)
Profile,Sustantivos (Nouns)
Reach,Sustantivos (Nouns)
Reel,Sustantivos (Nouns)
Story,Sustantivos (Nouns)
Stream,Sustantivos (Nouns)
Subscriber,Sustantivos (Nouns)
Timeline,Sustantivos (Nouns)
Trend,Sustantivos (Nouns)
Vlog,Sustantivos (Nouns)
Blockbuster,Sustantivos (Nouns)
Box office,Sustantivos (Nouns)
Broadcast,Sustantivos (Nouns)
Camera,Sustantivos (Nouns)
Cast,Sustantivos (Nouns)
Channel,Sustantivos (Nouns)
Cinematography,Sustantivos (Nouns)
Climax,Sustantivos (Nouns)
Crew,Sustantivos (Nouns)
Director,Sustantivos (Nouns)
Documentary,Sustantivos (Nouns)
Episode,Sustantivos (Nouns)
Frame,Sustantivos (Nouns)
Genre,Sustantivos (Nouns)
Lens,Sustantivos (Nouns)
Network,Sustantivos (Nouns)
Pilot,Sustantivos (Nouns)
Plot,Sustantivos (Nouns)
Premiere,Sustantivos (Nouns)
Producer,Sustantivos (Nouns)
Rating,Sustantivos (Nouns)
Scene,Sustantivos (Nouns)
Screenplay,Sustantivos (Nouns)
Script,Sustantivos (Nouns)
Season,Sustantivos (Nouns)
Soundtrack,Sustantivos (Nouns)
Spoiler,Sustantivos (Nouns)
Studio,Sustantivos (Nouns)
Subtitle,Sustantivos (Nouns)
Viewer,Sustantivos (Nouns)
Actor,Sustantivos (Nouns)
Actress,Sustantivos (Nouns)
Aesthetics,Sustantivos (Nouns)
Applause,Sustantivos (Nouns)
Audience,Sustantivos (Nouns)
Canvas,Sustantivos (Nouns)
Choreography,Sustantivos (Nouns)
Critic,Sustantivos (Nouns)
Curtain,Sustantivos (Nouns)
Dialogue,Sustantivos (Nouns)
Exhibition,Sustantivos (Nouns)
Gallery,Sustantivos (Nouns)
Landscape,Sustantivos (Nouns)
Masterpiece,Sustantivos (Nouns)
Monologue,Sustantivos (Nouns)
Museum,Sustantivos (Nouns)
Painter,Sustantivos (Nouns)
Performance,Sustantivos (Nouns)
Play,Sustantivos (Nouns)
Playwright,Sustantivos (Nouns)
Portrait,Sustantivos (Nouns)
Props,Sustantivos (Nouns)
Rehearsal,Sustantivos (Nouns)
Review,Sustantivos (Nouns)
Sculptor,Sustantivos (Nouns)
Sculpture,Sustantivos (Nouns)
Sketch,Sustantivos (Nouns)
Stage,Sustantivos (Nouns)
Theater,Sustantivos (Nouns)
Wardrobe,Sustantivos (Nouns)
Block,Verbos (Verbs)
Comment,Verbos (Verbs)
Follow,Verbos (Verbs)
Like,Verbos (Verbs)
Mute,Verbos (Verbs)
Post,Verbos (Verbs)
Scroll,Verbos (Verbs)
Share,Verbos (Verbs)
Stream,Verbos (Verbs)
Subscribe,Verbos (Verbs)
Tag,Verbos (Verbs)
Tweet,Verbos (Verbs)
Unfollow,Verbos (Verbs)
Update,Verbos (Verbs)
Act,Verbos (Verbs)
Air,Verbos (Verbs)
Animate,Verbos (Verbs)
Applaud,Verbos (Verbs)
Audition,Verbos (Verbs)
Broadcast,Verbos (Verbs)
Cast,Verbos (Verbs)
Direct,Verbos (Verbs)
Draw,Verbos (Verbs)
Edit,Verbos (Verbs)
Entertain,Verbos (Verbs)
Exhibit,Verbos (Verbs)
Film,Verbos (Verbs)
Illustrate,Verbos (Verbs)
Paint,Verbos (Verbs)
Perform,Verbos (Verbs)
Portray,Verbos (Verbs)
Premiere,Verbos (Verbs)
Produce,Verbos (Verbs)
Record,Verbos (Verbs)
Rehearse,Verbos (Verbs)
Review,Verbos (Verbs)
Sculpt,Verbos (Verbs)
Shoot,Verbos (Verbs)
Sketch,Verbos (Verbs)
Abstract,Adjetivos (Adjectives)
Aesthetic,Adjetivos (Adjectives)
Artistic,Adjetivos (Adjectives)
Authentic,Adjetivos (Adjectives)
Cinematic,Adjetivos (Adjectives)
Classic,Adjetivos (Adjectives)
Contemporary,Adjetivos (Adjectives)
Controversial,Adjetivos (Adjectives)
Creative,Adjetivos (Adjectives)
Digital,Adjetivos (Adjectives)
Dramatic,Adjetivos (Adjectives)
Engaging,Adjetivos (Adjectives)
Fictional,Adjetivos (Adjectives)
Interactive,Adjetivos (Adjectives)
Live,Adjetivos (Adjectives)
Mainstream,Adjetivos (Adjectives)
Modern,Adjetivos (Adjectives)
Original,Adjetivos (Adjectives)
Prerecorded,Adjetivos (Adjectives)
Surreal,Adjetivos (Adjectives)
Theatrical,Adjetivos (Adjectives)
Trending,Adjetivos (Adjectives)
Viral,Adjetivos (Adjectives)
Visual,Adjetivos (Adjectives)
Aesthetically,Adverbios (Adverbs)
Artistically,Adverbios (Adverbs)
Cinematically,Adverbios (Adverbs)
Creatively,Adverbios (Adverbs)
Digitally,Adverbios (Adverbs)
Dramatically,Adverbios (Adverbs)
Live,Adverbios (Adverbs)
Theatrically,Adverbios (Adverbs)
Visually,Adverbios (Adverbs)